;empresa;created_time;message;id
0;Walmartbrasil;2017-10-12T12:00:00+0000;No Dia das CrianÃ§as a diversÃ£o Ã© garantida aqui no Walmart. Venha aproveitar o Festival Alegria & DiversÃ£o e presenteie seu filho com o brinquedo que ele tanto quer! Veja a loja mais prÃ³xima e venha economizar: goo.gl/2wda5i;406992002681166_1417801904933499
1;Walmartbrasil;2017-10-11T20:04:01+0000;Seja um almoÃ§o em famÃ­lia, um churrasco entre amigos ou atÃ© mesmo uma maratona de filmes em casa: a gente tem tudo o que vocÃª precisa para curtir o feriado. Confira os nossos horÃ¡rios de funcionamento: https://goo.gl/xvTvX2;406992002681166_1423586311021725
2;Walmartbrasil;2017-10-10T13:00:00+0000;O dia tÃ£o esperado pelo seu filho estÃ¡ chegando! Venha aproveitar os preÃ§os imperdÃ­veis do Dia das CrianÃ§as e garanta mais alegria e diversÃ£o na sua casa. Encontre a loja mais prÃ³xima: goo.gl/xuoAAD;406992002681166_1417801164933573
3;Walmartbrasil;2017-09-28T21:42:47+0000;Chegou a hora de brincar aqui no Walmart! Venha aproveitar os preÃ§os especiais do Festival Alegria & DiversÃ£o e garanta o brinquedo que seu filho tanto quer! Encontre a loja mais prÃ³xima: goo.gl/xuoAAD;406992002681166_1413044055409284
4;Walmartbrasil;2017-09-27T12:30:00+0000;O melhor para o seu bebÃª, com mais economia para vocÃª. Venha para o Walmart e encontre produtos com preÃ§os mais baixos que a mÃ©dia do mercado! Veja a loja mais prÃ³xima: goo.gl/xuoAAD;406992002681166_1406023779444645
5;Walmartbrasil;2017-09-26T23:07:29+0000;No Walmart vocÃª encontra mais alegria e diversÃ£o! Aproveite as grandes marcas e garanta brinquedos e tudo o que a crianÃ§ada adora com mais economia. Venha economizar na loja mais prÃ³xima: goo.gl/xuoAAD;406992002681166_1411619075551782
6;Walmartbrasil;2017-09-25T11:30:00+0000;Frutas, verduras e legumes fresquinhos muito mais barato. Venha para o Walmart e encontre produtos com preÃ§os mais baixos que a mÃ©dia do mercado! Veja a loja mais prÃ³xima: goo.gl/xuoAAD;406992002681166_1406020572778299
7;Walmartbrasil;2017-09-23T12:35:00+0000;Sabe o que combina com chocolate? PreÃ§o baixo! E aqui no Walmart vocÃª encontra economia em  produtos na loja toda. Veja a loja mais prÃ³xima: goo.gl/xuoAAD;406992002681166_1406015486112141
8;Walmartbrasil;2017-09-21T12:00:00+0000;Todo mundo adora um belo arranjo de flores. E economia tambÃ©m. Venha para o Walmart e encontre produtos com preÃ§os mais baixos que a mÃ©dia do mercado. Veja a loja mais prÃ³xima e aproveite: goo.gl/xuoAAD;406992002681166_1404921112888245
9;Walmartbrasil;2017-09-20T17:50:00+0000;Nossa luta contra o preconceito Ã© todo dia, promovendo a diversidade. Afinal, o respeito ainda Ã© base para um mundo melhor. #TrateSeuPreconceito;406992002681166_1406519702728386
10;Walmartbrasil;2017-09-19T13:00:00+0000;Sua casa mais limpa e vocÃª com mais economia! Ã‰ fato: no Walmart vocÃª encontra produtos com preÃ§os mais baixos que a mÃ©dia do mercado. Venha para a loja mais prÃ³xima: goo.gl/xuoAAD;406992002681166_1404852302895126
11;Walmartbrasil;2017-09-18T14:53:16+0000;No Walmart estÃ¡ comprovado que Ã© barato de fato! Aproveite parcelamento exclusivo  para os nossos clientes: goo.gl/xuoAAD;406992002681166_1404667819580241
12;Walmartbrasil;2017-09-17T13:30:00+0000;Aqui no Walmart vocÃª encontra os melhores iogurtes para a sua famÃ­lia e tambÃ©m produtos com preÃ§os incrivelmente baixos! Venha para a loja mais prÃ³xima e economize: goo.gl/xuoAAD;406992002681166_1403617069685316
13;Walmartbrasil;2017-09-15T18:10:00+0000;Neste dia 15.09 comemore o seu dia com a gente! VÃ¡ atÃ© a loja mais prÃ³xima de vocÃª e aproveite: https://goo.gl/xuoAAD;406992002681166_1402439003136456
14;Walmartbrasil;2017-09-15T12:10:00+0000;Cuidar da alimentaÃ§Ã£o do seu bebÃª Ã© muito importante. Ã‰ por isso que no Festival BebÃª Mania vocÃª encontra produtos Mucilon com preÃ§os e condiÃ§Ãµes imperdÃ­veis. Encontre a loja mais prÃ³xima e venha economizar: goo.gl/xuoAAD;406992002681166_1399270796786610
15;Walmartbrasil;2017-09-14T22:41:23+0000;Que tal um pÃ£o quentinho, que acabou de sair do forno, com um preÃ§o especial? Venha para o Walmart e veja que aqui Ã© barato mesmo! Encontre a loja mais prÃ³xima: goo.gl/xuoAAD;406992002681166_1401679666545723
16;Walmartbrasil;2017-09-13T17:35:00+0000;TÃ¡ comprovado: o Walmart tem 8.000 produtos com preÃ§os mais baixos que a mÃ©dia do mercado. Aproveite e venha economizar com a gente! Encontre a loja mais prÃ³xima: goo.gl/xuoAAD;406992002681166_1400712443309112
17;Walmartbrasil;2017-09-13T12:00:00+0000;Toda mÃ£e quer o melhor para o seu bebÃª. Venha aproveitar o Festival BebÃª Mania no Walmart e garanta produtos Pampers com preÃ§os e condiÃ§Ãµes especiais. Aproveite e baixe o aplicativo Pampers Clube e transforme produtos em prÃªmios! Venha para a loja mais prÃ³xima: goo.gl/xuoAAD;406992002681166_1399187856794904
18;Walmartbrasil;2017-09-11T20:00:00+0000;Muito carinho, brincadeiras e os melhores produtos: Ã© isso que seu amigÃ£o merece. Venha para o Walmart e aproveite os preÃ§os especiais do Mundo Pet. Veja a loja mais prÃ³xima: goo.gl/xuoAAD;406992002681166_1399312223449134
19;Walmartbrasil;2017-09-11T12:00:00+0000;Seu bebÃª merece o melhor. E vocÃª, merece mais economia. Venha para o Walmart mais prÃ³ximo e aproveite os preÃ§os e condiÃ§Ãµes especiais em produtos MamyPokoÂ®. Encontre a loja mais prÃ³xima: goo.gl/xuoAAD;406992002681166_1394832320563791
20;Walmartbrasil;2017-09-08T12:30:00+0000;O melhor para ajudar seu filho a crescer e se desenvolver vocÃª encontra no Walmart! Aproveite para levar para casa NINHOÂ® Fases com preÃ§os e condiÃ§Ãµes especiais. Encontre a loja mais prÃ³xima e economize: goo.gl/xuoAAD;406992002681166_1394811143899242
21;Walmartbrasil;2017-09-06T18:58:32+0000;Quer ficar na moda e economizar muito? Assista a matÃ©ria do programa Mosaico Baiano da TV Globo que dÃ¡ dicas de como encontrar os melhores looks aqui no Walmart. Assista ao vÃ­deo e vÃ¡ atÃ© uma loja perto de vocÃª! goo.gl/dUa6WK;406992002681166_1395435587170131
22;Walmartbrasil;2017-09-05T12:30:00+0000;O melhor para o seu filho estÃ¡ aqui no Walmart. Venha aproveitar os preÃ§os imperdÃ­veis com condiÃ§Ãµes especiais em produtos Pampers, Mucilon, Ninho e Mamy Poko no Festival BebÃª Mania. Veja a loja mais prÃ³xima: goo.gl/xuoAAD;406992002681166_1393975860649437
23;Walmartbrasil;2017-09-04T23:31:22+0000;Venha aproveitar o Festival Iogurte e levar para sua casa produtos NestlÃ©, Danone, Batavo e Vigor com preÃ§os especiais. Encontre o Walmart mais prÃ³ximo: goo.gl/xuoAAD;406992002681166_1394109587302731
24;Walmartbrasil;2017-09-01T14:00:00+0000;Aproveite o Liquida Tudo Walmart: ofertas arrasadoras com atÃ© 50% de desconto em vÃ¡rios produtos da loja. Encontre o Walmart mais prÃ³ximo: goo.gl/xuoAAD;406992002681166_1390725854307771
25;Walmartbrasil;2017-08-30T19:10:01+0000;SÃ³ no AniversÃ¡rio Walmart vocÃª economiza e ainda pode ganhar milhares de produtos grÃ¡tis. VÃ¡ atÃ© a loja mais prÃ³xima de vocÃª: goo.gl/xuoAAD;406992002681166_1389849644395392
26;Walmartbrasil;2017-08-25T13:00:00+0000;Nossa festa jÃ¡ estÃ¡ cheia de convidados especiais: KeroCoco Kids, Quaker, Veja, OMO, FogÃ£o Consul 4 bocas e Euzkadi. Venha tambÃ©m aproveitar e economizar no AniversÃ¡rio do Walmart. Encontre a loja mais prÃ³xima: https://goo.gl/xuoAAD;406992002681166_1380003385380018
27;Walmartbrasil;2017-08-22T14:30:00+0000;SÃ£o milhares de produtos grÃ¡tis para vocÃª aproveitar no aniversÃ¡rio do Walmart. Veja como garantir e economizar. VÃ¡ atÃ© a loja mais prÃ³xima de vocÃª: goo.gl/xuoAAD;406992002681166_1383215325058824
28;Walmartbrasil;2017-08-21T13:00:00+0000;"Os melhores produtos estÃ£o aqui no AniversÃ¡rio do Walmart: PerdigÃ£o, Lipton, Fanta GuaranÃ¡, Johnnie Walker Red Rye Finish, Mr. MÃºsculo, OMO e muito mais. Venha aproveitar e economizar ainda mais! Encontre a loja mais prÃ³xima: https://goo.gl/xuoAAD
*Aprecie com moderaÃ§Ã£o. NÃ£o compartilhe com menores de 18 anos.";406992002681166_1380001032046920
29;Walmartbrasil;2017-08-17T22:30:00+0000;Um brinde ao AniversÃ¡rio do Walmart! Aproveite para parcelar vinhos e destilados em atÃ© 6x sem juros nos nossos cartÃµes. Venha para a loja mais prÃ³xima: https://goo.gl/xuoAAD;406992002681166_1379514192095604
30;Walmartbrasil;2017-08-13T18:00:00+0000;Limpeza pesada e economia sem esforÃ§o! Venha para o Festival Casa & Limpeza Walmart e aproveite para levar o Veja Gold. Encontre a loja mais prÃ³xima e economize: https://goo.gl/xuoAAD;406992002681166_1366584480055242
31;Walmartbrasil;2017-08-13T14:00:00+0000;Hoje Ã© dia de presentear aquele que vive dando conselhos, querendo o seu bem e que vocÃª tanto ama. Ainda nÃ£o comprou o presente do Dia dos Pais? Vem pro Walmart mais prÃ³ximo: https://goo.gl/xuoAAD;406992002681166_1372778166102540
32;Walmartbrasil;2017-08-11T19:15:00+0000;Veja como economizar aproveitando os milhares de produtos grÃ¡tis do aniversÃ¡rio Walmart! SÃ£o diversas oportunidades para sair com o carrinho cheio. VÃ¡ atÃ© a loja mais prÃ³xima: https://goo.gl/xuoAAD;406992002681166_1373722836008073
33;Walmartbrasil;2017-08-11T13:30:00+0000;Todo mundo jÃ¡ estÃ¡ fazendo a festa aqui no AniversÃ¡rio do Walmart! Venha aproveitar a economia em Doritos, KeroCoco, Air Wick, Pato e Lavadora Consul 11,5 kg! Encontre a loja mais prÃ³xima: https://goo.gl/xuoAAD;406992002681166_1373470352699988
34;Walmartbrasil;2017-08-10T18:00:00+0000;Roupas sem manchas, mais limpinhas e economia no bolso: aproveite o Festival Casa & Limpeza Walmart e garanta o Vanish para deixar suas roupas mais brancas. Veja a loja mais prÃ³xima: https://goo.gl/xuoAAD;406992002681166_1366581673388856
35;Walmartbrasil;2017-08-08T18:00:00+0000;Tem algo melhor do que estar com a casa limpa e cheirosa? Tem o Festival Casa & Limpeza Walmart: venha para a loja mais prÃ³xima e garanta o destruidor de manchas Pato Power com mais economia. Veja o melhor caminho atÃ© aqui: https://goo.gl/xuoAAD;406992002681166_1366576203389403
36;Walmartbrasil;2017-08-08T14:00:00+0000;No AniversÃ¡rio do Walmart sÃ£o milhares de produtos grÃ¡tis. Aqui vocÃª compra mais pagando menos. Veja como economizar e venha atÃ© a loja mais prÃ³xima: https://goo.gl/xuoAAD;406992002681166_1371000386280318
37;Walmartbrasil;2017-08-06T18:00:00+0000;Que tal acabar com 99,9% dos germes com pouco esforÃ§o? Garanta o Mr. MÃºsculo aqui no Festival Casa & Limpeza Walmart. Venha economizar na loja mais prÃ³xima: https://goo.gl/xuoAAD;406992002681166_1366573180056372
38;Walmartbrasil;2017-08-04T19:15:00+0000;"Uma festa cheia de grandes convidados: Chandelle, Sadia, Johnnie Walker, Colgate e Vanish. Venha aproveitar os milhares de produtos grÃ¡tis no AniversÃ¡rio do Walmart. Encontre a loja mais prÃ³xima: https://goo.gl/xuoAAD
*Aprecie com moderaÃ§Ã£o. NÃ£o compartilhe com menores de 18 anos.";406992002681166_1367509063296117
39;Walmartbrasil;2017-08-03T19:00:00+0000;Sua casa perfumada Ã© tudo de bom! Vem pro Festival Casa & Limpeza Walmart e aproveite para garantir o Bom Ar AirWick com mais economia! Encontre a loja mais prÃ³xima: https://goo.gl/xuoAAD;406992002681166_1366568586723498
40;Walmartbrasil;2017-08-02T12:59:54+0000;SÃ£o milhares de produtos grÃ¡tis para vocÃª fazer a festa no AniversÃ¡rio do Walmart! Veja sÃ³ quem estÃ¡ por aqui fazendo a festa com a gente!;406992002681166_1365477350165955
41;Walmartbrasil;2017-07-28T22:30:00+0000;Grandes marcas, pequenos preÃ§os e sua casa ainda mais limpa: venha aproveitar o Festival Casa & Limpeza Walmart e garanta as melhores ofertas de produtos de limpeza. Encontre a loja mais prÃ³xima: https://goo.gl/xuoAAD;406992002681166_1361687927211564
42;Walmartbrasil;2017-07-28T21:40:00+0000;Foram 3 semanas de muitos sabores, boa mÃºsica e momentos mais do que especiais. Obrigado por participar e aproveitar o melhor do Festival Sabores da EstaÃ§Ã£o!;406992002681166_1361683463878677
43;Walmartbrasil;2017-07-26T20:31:59+0000;No AniversÃ¡rio do Walmart vocÃª economiza de vÃ¡rias maneiras: Leve 3 e pague 2, leve 4 e pague 3, leve5 e pague 4, leve 12 e pague 10, combos exclusivos e 50% de desconto na segunda unidade! Tudo isso pra vocÃª viver melhor e fazer a festa com a gente! Vem pro Walmart!;406992002681166_1359972404049783
44;Walmartbrasil;2017-07-25T19:51:35+0000;Hey, psiu... vocÃª mesmo! Estamos preparando uma grande festa e aqui o convidado sempre sai ganhando. SerÃ£o milhares de produtos grÃ¡tis para vocÃª economizar e claro, viver melhor! A vantagem dessa festa Ã© que vocÃª poderÃ¡ convidar quem vocÃª quiser. Confirme a sua presenÃ§a no evento e aguarde: goo.gl/oyCz5C;406992002681166_1359083494138674
45;Walmartbrasil;2017-07-21T17:33:43+0000;Que tal experimentar o melhor do final de semana? Vem pro Walmart e aproveite para degustar as delÃ­cias dos Sabores da EstaÃ§Ã£o. Confira a programaÃ§Ã£o e confirme sua presenÃ§a: bit.ly/SdEWM;406992002681166_1355291414517882
46;Walmartbrasil;2017-07-20T17:20:40+0000;Brincadeiras, carinho e WHISKASÂ®: Ã© isso que todo gato quer e precisa. Vem para o Walmart e garanta o melhor para seu gato na seÃ§Ã£o Mundo Pet. Encontre a loja mais prÃ³xima: goo.gl/xuoAAD;406992002681166_1354446467935710
47;Walmartbrasil;2017-07-19T13:00:00+0000;Economizar no Walmart Ã© bom pra cachorro! Os melhores produtos PEDIGREEÂ®â€ com preÃ§os incriveis para o seu AUmigÃ£o. Encontre a loja mais prÃ³xima: goo.gl/xuoAAD;406992002681166_1352914174755606
48;Walmartbrasil;2017-07-17T22:10:19+0000;"A segunda semana de Sabores da EstaÃ§Ã£o foi, digamos, deliciosa! Confira tudo o que aconteceu de mais gostoso no Walmart e venha aproveitar a prÃ³xima semana. 
SÃ£o diversas atraÃ§Ãµes musicais, degustaÃ§Ãµes e claro, preÃ§o baixo para aquecer o seu inverno. Veja a programaÃ§Ã£o da prÃ³xima semana na descriÃ§Ã£o do evento: bit.ly/SdEWM";406992002681166_1351870438193313
49;Walmartbrasil;2017-07-17T19:46:25+0000;O melhor para o seu cÃ£o ou gato estÃ¡ aqui no Walmart. Venha aproveitar os preÃ§os incrÃ­veis do Mundo Pet de 17/07 Ã  27/07. Encontre a loja mais prÃ³xima: goo.gl/xuoAAD;406992002681166_1351788918201465
50;Pontofrio;2017-10-13T13:03:47+0000;"Momento...VOCÃŠ SABIA??ğŸ¤”
RelÃ¢mpago, um dos servos de Lo Pan conhecidos como ""TrÃªs Tempestades"" do filme ""Os Aventureiros do Bairro Proibido"", serviu de inspiraÃ§Ã£o para a criaÃ§Ã£o do visual de Raiden, em Mortal Kombat. JÃ¡ Lo Pan foi a inspiraÃ§Ã£o para Shang Tsung. #PontofrioNaBGS #BGS #MortalKombat #OsAventureirosDoBairroProibido";222977965716_10159531394095717
51;Pontofrio;2017-10-12T22:01:45+0000;"Curiosidades da Brasil Game Show! ğŸ¤”
#PontofrioNaBGS #BGS";222977965716_10159529116175717
52;Pontofrio;2017-10-12T17:56:13+0000;Pinautas, vejam o recado da minha amiga CherryGumms ğŸ’ğŸ§;222977965716_10159528031770717
53;Pontofrio;2017-10-12T14:13:32+0000;Acompanhe a cobertura completa seguindo @Pontofrio no Instagram e fique por dentro de tudo que estÃ¡ rolando Na #BGS com a participaÃ§Ã£o da Nicolle ''Cherrygumms'' Merhy! Vemk >>> http://bit.ly/1nA77it #PontofrioNaBGS;222977965716_10159527364290717
54;Pontofrio;2017-10-12T13:47:12+0000;PSIUU!! Fique por dentro de tudo o que estÃ¡ acontecendo na #BGS!! ğŸ§ #PontofrioNaBGS http://bit.ly/2yjfBTY;222977965716_10159527276355717
55;Pontofrio;2017-10-11T19:56:01+0000;"Aqui ta quente, aqui ta HOT! CUPOM para os PINautas! 
VEMK: >> http://bit.ly/2ybFMww ;)";222977965716_10159524217170717
56;Pontofrio;2017-10-09T20:50:30+0000;"A Brasil Game Show ta aÃ­ e adivinha quem vai te mostrar tudinho?? Euzinho! <("") <3
 #melhorcobertura #PontofrioNaBGS #BGS";222977965716_10159514051315717
57;Pontofrio;2017-10-07T21:26:01+0000;"COMEÃ‡OU!!! As ofertas mais quentes do brasil!
 >> http://pingu.im/2wC8nqL  ;)";222977965716_10159500938625717
58;Pontofrio;2017-10-06T17:51:28+0000;PSIU, vemk!! Confira AGORA mais um lanÃ§amento PÃ­ncrivel da Samsung: Galaxy Note 8 >>> http://pingu.im/2xnDWEc;222977965716_10159499854805717
59;Pontofrio;2017-10-06T14:16:18+0000;Gamers >> Jogamos o Rise of the Tomb Raider e contamos tudinho aqui no Blog do E-Glu  >> http://pingu.im/2hTbqbr;222977965716_10159499135065717
60;Pontofrio;2017-10-06T14:03:05+0000;"ğŸ®ğŸ® O jogo comeÃ§ou, press start >> #PontoGames <("") http://pingu.im/2fPlwpv";222977965716_10159499094350717
61;Pontofrio;2017-10-06T01:28:00+0000;Leve um cinema pra sala e pro quarto com essa ofertona! VEM! http://pingu.im/2yLo8vZ <3;222977965716_10159496356695717
62;Pontofrio;2017-10-05T21:04:00+0000;Esqueeeenta HOT PRICE! >>  http://pingu.im/2hQ3gRa <<;222977965716_10159495634050717
63;Pontofrio;2017-10-05T18:50:21+0000;"Bota inovaÃ§Ã£o e qualidade nisso! =P
 VEMK http://pingu.im/2y2uRVo =)";222977965716_10159495804960717
64;Pontofrio;2017-10-03T22:10:46+0000;PSIU!! Quer ter a maior experiÃªncia automotiva jÃ¡ criada em 4k? EntÃ£o compre agora o novo Forza Motorsport 7. SÃ£o mais de 700 carros, cenÃ¡rios realistas com clima dinÃ¢mico que muda a cada corrida, e vc pode ainda personalizar o seu piloto!! Uhuuu! Aproveita! >>> http://pingu.im/2xWfWvr;222977965716_10159487941655717
65;Pontofrio;2017-10-03T21:59:54+0000;"Suas maravilhosas! â¤ï¸  
Previnam-se, faÃ§am o autoexame regularmente.  
#oanotodo #OutubroRosa #nosapoiamosessacausa";222977965716_10159487996315717
66;Pontofrio;2017-10-03T14:39:04+0000;Vemk conferir os menores preÃ§os com atÃ© 40% de desconto >>> #Descomplica http://pingu.im/2g7WtyD;222977965716_10159486482525717
67;Pontofrio;2017-10-02T23:01:01+0000;Ainda nÃ£o comprou o presente de Dia das CrianÃ§as?? =O Descomplique, VEMK: >>  http://pingu.im/2yEdtDo <3;222977965716_10159483098330717
68;Pontofrio;2017-10-02T15:16:24+0000;Filhos, sobrinhos, afilhados...SÃ£o tantos pequenos pra dar presente, nÃ©? Vemk conferir as dicas que separamos pra te ajudar! >> http://pingu.im/2xa7oT4 #DiaDasCriancas;222977965716_10159481544455717
69;Pontofrio;2017-10-02T14:20:39+0000;Vc que Ã© fÃ£ do porco espinho mais famoso do mundo, vai adorar esse review aqui no Blog do e-Glu! >>> http://pingu.im/2fJSQSu;222977965716_10159481338360717
70;Pontofrio;2017-09-25T19:51:56+0000;Hoje Ã© dia de Galaxy, bebÃª!! Vem aproveitar as ofertonas especiais em atÃ© 12x + Frete GrÃ¡tis! >>> http://bit.ly/2xw1tEB;222977965716_10159451010670717
71;Pontofrio;2017-09-25T14:02:35+0000;"ğŸ®ğŸ® Pode chamar os amigos e aperta o play que o game vai comeÃ§ar!! <("") >> http://bit.ly/2yBV9vy";222977965716_10159449548845717
72;Pontofrio;2017-09-25T12:26:56+0000;"As melhores marcas do mundo, com precinhos melhores ainda! OMG!! Vem que tÃ¡ PincrÃ­vel!  \o/ <("") >>> http://bit.ly/2ynzNRM";222977965716_10159449141245717
73;Pontofrio;2017-09-22T21:49:00+0000;"TOP ğŸ–ï¸  ! Genteeee, vemk aproveitar! 
>> http://bit.ly/2yiTtWC  << =)";222977965716_10159437235770717
74;Pontofrio;2017-09-22T15:34:08+0000;"Tudo pronto pra participar do #DiaMundialSemCarro?
Eu vim patinando hoje! ğŸ§ğŸ§ <3 http://bit.ly/2wM5JxE";222977965716_10159436109910717
75;Pontofrio;2017-09-19T22:12:10+0000;"Confira o Show de EletroportÃ¡teis com atÃ© 40% de desconto!
 >> http://bit.ly/2xPVNZg <3";222977965716_10159423396525717
76;Pontofrio;2017-09-19T13:30:01+0000;"Vem conhecer os novos LG Q6 e Q6+!! Confira o melhor do desempenho e design, em uma linda telona Ã  partir de 1299,00!! Vemk >>> ğŸ§ <3
http://bit.ly/2f0Dg0P";222977965716_10159404644345717
77;Pontofrio;2017-09-18T16:56:28+0000;"<("") Aqui vc encontra de Tudo, de TUDO meeesmo! Vem que tem >>> http://bit.ly/2fvgX40 =) #TudoNoPonto";222977965716_10159417706170717
78;Pontofrio;2017-09-18T14:04:20+0000;ğŸ§â¤ï¸ Seu novo Smartphone te espera aqui no Pontofrio. E com desconto, viu? Corre >>>> http://bit.ly/2yjqx1L;222977965716_10159417033085717
79;Pontofrio;2017-09-17T22:00:00+0000;ğŸ§ Psiuuu! TÃ¡ na hora de economizar, viu! 15% de descontos em EletrodomÃ©sticos te esperam! Vemk >>> http://bit.ly/2xFQVG3;222977965716_10159405788250717
80;Pontofrio;2017-09-17T21:05:01+0000;"48h PINcrÃ­veis de ofertas para vocÃª! (ã¥ï½¡â—•â€¿â€¿â—•ï½¡)ã¥
VEMK: >> http://bit.ly/2fpa0S8 <<";222977965716_10159405652355717
81;Pontofrio;2017-09-15T18:45:51+0000;"PSIU! Vem conferir as ofertas do Dia do Cliente!! Receba em atÃ© 24h* em casa ou nessa loja aÃ­ pertinho de vc!! <3 
 http://bit.ly/2h82BXk";222977965716_10159404807980717
82;Pontofrio;2017-09-15T13:30:00+0000;ğŸ® Ù©(â—Ì®Ì®Ìƒâ€¢Ìƒ)Û¶ Gamers, podem apertar o play que o desconto tÃ¡ na mÃ£o!! Destiny 2 jÃ¡ estÃ¡ aqui>>>> http://bit.ly/2eSp2yW;222977965716_10159390682275717
83;Pontofrio;2017-09-14T15:55:20+0000;"ğŸ“º <("") Sua nova telona 4k de 49"" te espera aqui no Pontofrio! Aproveita >>>  http://bit.ly/2h5ooCL";222977965716_10159399957600717
84;Pontofrio;2017-09-13T15:21:48+0000;"ğŸ‰ğŸ‰ FRETE GRÃTIS!! VOCÃŠ merece o melhor! 
Vem comemorar a Semana do Cliente no Pontofrio!! <("")
http://bit.ly/2h31NTs Procure os itens participantes com a flag. =)";222977965716_10159395657170717
85;Pontofrio;2017-09-13T05:00:00+0000;"<("") Leve agora mesmo o seu Lenovo i5 pra casa e aproveite a Semana do Cliente aqui no Pontofrio! Corree!! >> http://bit.ly/2xiUZuH";222977965716_10159392783750717
86;Pontofrio;2017-09-12T21:34:43+0000;Registrar momentos Ã© a melhor forma de relembrar o passado! vem conhecer a histÃ³ria dessa famÃ­lia numa deliciosa leitura do Blog >> <3 http://bit.ly/2y4XrTM;222977965716_10159392692660717
87;Pontofrio;2017-09-12T14:17:38+0000;"<("") Seus lindos, pra quem perdeu a ofertona de ontem, nÃ£o se preocupem! Tem mais aqui>>>http://bit.ly/2wmYfkH #SemanaDoCliente";222977965716_10159391216300717
88;Pontofrio;2017-09-11T21:15:09+0000;"ğŸ‰ğŸ‰ Nesta semana especial vc merece o melhor! 
Vem comemorar a Semana do Cliente no Pontofrio!! <("") http://bit.ly/2wSMEhJ";222977965716_10159388509150717
89;Pontofrio;2017-09-09T21:20:00+0000;"Quem avisa amigo Ã©. Vem conferir a Ãºltima oferta especial que o Pinguim preparou pra vc! Aproveitaaaaa! <("") <3";222977965716_10159375649935717
90;Pontofrio;2017-09-08T21:20:00+0000;"Psiu! VocÃª bobeou e mais uma oferta encerrou! Restam 2 oportunidades! Aproveita as 24h de ofertas do Pinguim! <("")";222977965716_10159375626285717
91;Pontofrio;2017-09-08T20:47:04+0000;Vem conferir mais um Review aqui No Blog do E-glu! Esse Ã© pra quem Ã© fÃ£ de aventura em 2 rodas: MXGP 3! Vemk: http://pingu.im/2xiJDrv;222977965716_10159375663905717
92;Pontofrio;2017-09-08T13:35:31+0000;"âœ‹ As ofertas nÃ£o param por aqui! Se vc perdeu a Ãºltima, se liga nesta aqui e fique de olho nas prÃ³ximas! >> 24h de ofertas<< Aproveita! <("")";222977965716_10159374194615717
93;Pontofrio;2017-09-06T21:35:50+0000;ğŸ˜ğŸ§ <3 Tenho uma IdÃ©ia bem doce pro seu feriado! Vem aprender a fazer Cupcake aqui >>> http://pingu.im/2w8loaA;222977965716_10159367012720717
94;Pontofrio;2017-09-06T21:20:00+0000;"âœ‹ PARA TUDO! 24h de ofertas mais insanas da internet!! 
Oferta abaixo encerra em 24h. Fique ligado, liberaremos novas surpresas! . > http://pingu.im/2gI0wkq ;)";222977965716_10159366504250717
95;Pontofrio;2017-09-06T17:42:00+0000;ğŸ‘¶ğŸ‘¶ MamÃ£es e Papais,vemk aproveitar a fralda mais sequinha e macia do Brasil, com o precinho mais PINCRÃVEL da internet:  >> http://pingu.im/2f2AlFl <3;222977965716_10159364849465717
96;Pontofrio;2017-09-04T21:10:00+0000;ParabÃ©ns HIHUULL!! ï¸ğŸ‰ ï¸ğŸ‰ O aniversÃ¡rio Ã© nosso mas as ofertonas sÃ£o pra vocÃªs! ï¸ğŸˆ VEMK: http://pingu.im/2eVWKE3 ï¸ğŸˆ;222977965716_10159357517220717
97;Pontofrio;2017-08-31T21:54:52+0000;Vamos viajar no tempo e voltar Ã  infÃ¢ncia? Vem relembrar os brinquedos clÃ¡ssicos dos anos 90 com o Lucas! >>  http://bit.ly/2wVVzzg;222977965716_10159339132570717
98;Pontofrio;2017-08-31T15:10:16+0000;Psiu! Tem cupom esperando por vc aqui nessa linda coleÃ§Ã£o de Computadores e All in One! Vemk>>> http://bit.ly/2glokuB;222977965716_10159337534750717
99;Pontofrio;2017-08-30T18:25:27+0000;"Quer ganhar produtos de cozinha profissionais do Erick Jacquin e caprichar nos TOMPEROS? Ã‰ bem simples Compre uma panela inox Tramontina e concorra!  http://bit.ly/2wiNCT7 <3

*Confira o regulamento aqui: http://bit.ly/2vK3QRQ";222977965716_10159333202295717
100;familiaextra;2017-10-12T13:08:00+0000;FeriadÃ£o com desconto? Ã‰ na FamÃ­lia Extra! =D Aproveite o cupom exclusivo: http://extra.vc/2gwUvrD;362752461813_10155058694376814
101;familiaextra;2017-10-09T21:03:21+0000;"Extra Confidencial: descontos imperdÃ­veis em eletrodomÃ©sticos! ;) Clique e aproveite: http://extra.vc/2i0jw1W";362752461813_10155051060331814
102;familiaextra;2017-10-07T22:48:01+0000;ComeÃ§ou o Extra Confidencial! =D Itens com descontos imperdÃ­veis, nÃ£o perca: http://extra.vc/1wJctH5;362752461813_10155042422881814
103;familiaextra;2017-10-07T00:00:00+0000;Uhull lanÃ§amento do Galaxy Note 8! â¤ Adquira o seu agora mesmo: http://extra.vc/2xYR1bf;362752461813_10155041544506814
104;familiaextra;2017-10-06T21:11:08+0000;"Venha assistir a mais uma apresentaÃ§Ã£o especial da Orquestra Instituto GPA. Ã‰ a chance de prestigiar os jovens do Programa de MÃºsica, um dos projetos socioculturais do instituto, e ver um espetÃ¡culo que acumula mais de 800 apresentaÃ§Ãµes e prÃªmios importantes no currÃ­culo. 

Traga a famÃ­lia e os amigos. Os ingressos estÃ£o disponÃ­veis na bilheteria do Theatro Municipal ou no site: https://compreingressos.com/theatromunicipaldesaopaulo";362752461813_10155042307011814
105;familiaextra;2017-10-06T17:52:33+0000;Multiprocessador de Alimentos Philco All In One com um precinho imperdÃ­vel! â¤Aproveite: http://extra.vc/2yNhJjV;362752461813_10155041530986814
106;familiaextra;2017-10-05T21:29:30+0000;"Console Xbox One 500GB com um preÃ§o IMPERDÃVEL! =D 
Somente aqui: http://extra.vc/2fNAQTz";362752461813_10155037315066814
107;familiaextra;2017-10-04T11:00:01+0000;Opa, tem lanÃ§amento aqui no site: o Game Forza 7! :) Garanta jÃ¡ o seu: http://extra.vc/2g9wTck;362752461813_10155031323156814
108;familiaextra;2017-10-03T22:38:01+0000;VocÃª tem CartÃ£o Extra? Opa, vocÃª acaba de ganhar 10% de desconto em todos brinquedos do site! Aproveite: http://extra.vc/2fya6GD;362752461813_10155031293441814
109;familiaextra;2017-09-29T21:26:42+0000;"JÃ¡ garantiu o presente do seu pequeno herÃ³i? ;) NÃ£oo? EntÃ£o corre aqui, um montÃ£o de opÃ§Ãµes para o Dia das CrianÃ§as: http://bit.ly/2fya6GD";362752461813_10155021631356814
110;familiaextra;2017-09-26T22:53:30+0000;Sabe aquele sinal que vocÃª estava esperando para trocar de notebook? Ã‰ esse! http://bit.ly/2y77yKG ğŸ’»;362752461813_10155014494041814
111;familiaextra;2017-09-23T12:00:00+0000;Uhulll =D Descontos imperdÃ­veis em diversas marcas aqui no site, nÃ£o perca: http://bit.ly/2ehTELA;362752461813_10155004108861814
112;familiaextra;2017-09-22T20:33:07+0000;Jogue com seus amigos! \o/ XBOX Live Gold com um precinho especial, vem: http://bit.ly/2hmg5T3;362752461813_10155004094706814
113;familiaextra;2017-09-22T11:36:01+0000;No Mundial sem carro separamos uma super oferta de bikes para vocÃª! ğŸš² Confira: http://bit.ly/2xkSDtr;362752461813_10154998539716814
114;familiaextra;2017-09-20T17:37:03+0000;âš ï¸ AtenÃ§Ã£o! VocÃª tem poucas horas para aproveitar essas ofertas de Telas! â°Compre sua TV nova agora mesmo. ğŸ“º http://bit.ly/2xeGN6n;362752461813_10154995423901814
115;familiaextra;2017-09-19T12:00:01+0000;Garanta jÃ¡ o presente de Dia das CrianÃ§as do seu filho! <3 Aqui vocÃª encontra um montÃ£o de ideias e promoÃ§Ãµes imperdÃ­veis, vem: http://bit.ly/1KHBGYC;362752461813_10154990501041814
116;familiaextra;2017-09-18T15:24:47+0000;VocÃª tem CartÃ£o Extra?ğŸ’³â¤ï¸  EntÃ£o aproveite essa super oportunidade!  http://bit.ly/2y9Yfpr;362752461813_10154989965316814
117;familiaextra;2017-09-14T13:05:00+0000;Precisa do produto com urgÃªncia? :) Vem de Retira RÃ¡pido: http://extra.vc/2eWyp0q;362752461813_10154971403201814
118;familiaextra;2017-09-13T15:29:50+0000;FRETE GRÃTIS e descontos imperdÃ­veis vocÃª sÃ³ encontra no Extra! Confira os itens:  http://extra.vc/2xkPID0;362752461813_10154970061826814
119;familiaextra;2017-09-11T17:08:39+0000;O cliente Extra tem Smartphones com preÃ§os exclusivos! <3 Aproveite: http://extra.vc/2eQSSE0;362752461813_10154965298356814
120;familiaextra;2017-09-11T00:09:00+0000;Semana do Cliente comeÃ§ou! ğŸ’› Tem um montÃ£o de descontos exclusivos para vocÃª! ğŸ’› Confira aqui! http://extra.vc/2cDZkjz;362752461813_10154957293581814
121;familiaextra;2017-09-10T00:18:00+0000;TV Samsung com um precinho exclusivo! Somente aqui! <3 Vem: http://extra.vc/2xiNeWA;362752461813_10154957201981814
122;familiaextra;2017-09-06T22:00:00+0000;Esquenta Semana do Cliente! ğŸ’› Compre seu J5 prime com um precinho exclusivo! Corre aqui, a oferta Ã© vÃ¡lida por tempo limitado: http://extra.vc/2xbjnzh;362752461813_10154952494041814
123;familiaextra;2017-09-05T18:39:08+0000;SÃ£o 48hs de ofertas de InformÃ¡tica!ğŸ’»â¤ï¸Troque seu notebook agora mesmo: http://extra.vc/2j1wk8G;362752461813_10154949787386814
124;familiaextra;2017-09-02T13:00:00+0000;"Stephen King em dose dupla nas telonas com os Filmes It (A Coisa) e A Torre Negra! Confira nosso post:
http://extra.vc/2vytnlz";362752461813_10154937932526814
125;familiaextra;2017-09-01T20:25:54+0000;ChÃ¡ de Fraldas comeÃ§ou! <3 Aproveite, descontos imperdÃ­veis, somente no site: http://extra.vc/2vSdHVK;362752461813_10154938359626814
126;familiaextra;2017-08-31T13:00:00+0000;"Se liga nessa super promoÃ§Ã£o: Comprando uma panela inox da Tramontina vocÃª concorre a 100 produtos da cozinha do chef Erick Jacquin. <3  Participe: http://bit.ly/2gr9TJ5 

Saiba tudo aqui: http://bit.ly/2x68i1F";362752461813_10154932667896814
127;familiaextra;2017-08-28T22:03:31+0000;"A Beleza Brasileira Ã© a tendÃªncia da estaÃ§Ã£o. Ela Ã© tambÃ©m a inspiraÃ§Ã£o da nossa coleÃ§Ã£o Primavera/VerÃ£o 2018, que chega Ã s lojas Extra Hiper de todo o paÃ­s com peÃ§as cheias de atitude para combinar com todas as formas, gostos e escolhas.

E para apresentar as novidades, preparamos um evento com desfiles de moda especiais!

-> Data: sÃ¡bado, 2 de setembro.
-> HorÃ¡rios:
. das 11h Ã s 11h40;
. das 15h Ã s 15h40.
-> Local: Parque Villa Lobos, mais precisamente prÃ³ximo Ã  entrada principal, na PraÃ§a da Esplanada.

VocÃª Ã© nosso convidado. Escolha o melhor horÃ¡rio e venha conferir de perto os lanÃ§amentos da #ModaExtra!

-----------------------------------------------------------------------

COLEÃ‡ÃƒO PRIMAVERA/VERÃƒO 2018

A coleÃ§Ã£o traz o romantismo das flores e a juventude das listras, das estampas Ã©tnicas e dos silks de paisagens praianas que passeiam por uma cartela de cores tropicais, alÃ©m de cores neutras como o off white, mescla e marinho. As marcas exclusivas Cast, Arkitect e Bronzini tambÃ©m trazem peÃ§as que traduzem o conceito de beleza brasileira, que norteia toda a coleÃ§Ã£o.
 
Blusas e calÃ§as com bordados de flores, babados, ombros Ã  mostra, decote choker e calÃ§as jeans com a barra estilizada sÃ£o algumas das apostas para essa nova coleÃ§Ã£o. Essas caracterÃ­sticas podem ser conferidas tambÃ©m nas malhas, nos tecidos planos e nas calÃ§as cigarrete, flare e skinny jeans.
 
Com as linhas feminina, masculina, infantil e underwear, a coleÃ§Ã£o Primavera/VerÃ£o 2018 do Extra Ã© uma Ã³tima opÃ§Ã£o para quem deseja complementar o seu guarda-roupa com peÃ§as atuais, alinhadas com a moda e com preÃ§o justo.

-----------------------------------------------------------------------

FASHION TRUCK

AlÃ©m da coleÃ§Ã£o disponÃ­vel nas lojas, o Extra tambÃ©m vai levar a Beleza Brasileira para ainda mais perto de vocÃª com o Fashion Truck. O nosso caminhÃ£o da moda circularÃ¡ pelas lojas em diversas cidades do Brasil realizando desfiles com o melhor da coleÃ§Ã£o Primavera/VerÃ£o.";362752461813_524438307899432
128;familiaextra;2017-08-26T01:05:27+0000;Veja como Ã© fÃ¡cil economizar usando o Meu Desconto, no aplicativo Clube Extra.;362752461813_10154920545101814
129;familiaextra;2017-08-25T20:45:48+0000;ğŸ“£ ALERTA VERMELHO! Produtos com precinhos imperdÃ­veis aqui no site! Aproveite: http://extra.vc/2wF8oxT;362752461813_10154920058151814
130;familiaextra;2017-08-24T15:43:13+0000;Hoje Ã© dia de lanÃ§amento no Extra! â¤ğŸ’™ğŸ’šğŸ’›ğŸ’œ ConheÃ§a o Moto G5S:   http://extra.vc/2itOVdb;362752461813_10154916800801814
131;familiaextra;2017-08-22T21:21:04+0000;VocÃª tem CartÃ£o Extra? Com ele vocÃª tem 10% off nesses eletrodomÃ©sticos, aproveite: http://extra.vc/2g3z9Vu;362752461813_10154912170311814
132;familiaextra;2017-08-17T19:50:49+0000;Precisando fazer exercÃ­cio? Que tal comprar uma bicicleta ergomÃ©trica? :) Tudo que vocÃª precisa saber aqui: http://extra.vc/2fPaPXg;362752461813_10154899256736814
133;familiaextra;2017-08-15T19:27:15+0000;Vem comprar seu S8, tem desconto aquiiii: http://extra.vc/2wbubvU;362752461813_10154893979146814
134;familiaextra;2017-08-14T20:11:34+0000;Tem ofertas Dell na FamÃ­lia Extra! <3 Aproveite, por tempo limitado. http://extra.vc/2hZFWjD;362752461813_10154891690521814
135;familiaextra;2017-08-13T13:07:00+0000;Hoje Ã© dia de agradecer por todo apoio em cada momento da vida, pela parceria de sempre, por todas as noites mal dormidas, por todo minutinho de dedicaÃ§Ã£o! A FamÃ­lia Extra deseja um Feliz Dia dos Pais! <3 <3 <3;362752461813_10154886839291814
136;familiaextra;2017-08-10T15:30:00+0000;LanÃ§amento na FamÃ­lia Extra! :) Ã‰ o Galaxy J5 Pro da Samsung, saiba tuuudo sobre essa super novidade aqui: http://extra.vc/2uEekBz;362752461813_10154875987031814
137;familiaextra;2017-08-03T19:34:44+0000;Cuide do seu melhor amigo! ğŸ¶ğŸ±ğŸ¹ğŸ¦ Ofertas imperdÃ­veis aqui: http://extra.vc/2vuggAR;362752461813_10154861675211814
138;familiaextra;2017-08-01T21:33:40+0000;"Opa, era o que faltava para vocÃª comprar o presente do seu papai! <3  Smartphones com atÃ© 12% de desconto com cupom exclusivo aquii: http://extra.vc/2uhtpZM

OBS: Pais, marquem seus filhos para eles nÃ£o deixarem passar essa oportunidade, rs! ;)";362752461813_10154857034326814
139;familiaextra;2017-07-30T13:31:00+0000;DomingÃ£o chegou! <3 Aproveite para curtir com a FamÃ­lia!;362752461813_10154843840156814
140;familiaextra;2017-07-28T14:35:16+0000;Extra updated their cover photo.;362752461813_10154845780256814
141;familiaextra;2017-07-28T13:30:00+0000;Vem pro Outlet do Extra! =D Produtos com precinhos imperdÃ­veis: http://extra.vc/2u2FQbH;362752461813_10154843837156814
142;familiaextra;2017-07-27T12:03:00+0000;Hoje Ã© dia de lanÃ§amento na FamÃ­lia Extra: o incrÃ­vel Sony XA1 Ultra! Vem saber tudo dessa lindeza: http://extra.vc/2qbbq5t;362752461813_10154842112736814
143;familiaextra;2017-07-25T21:14:58+0000;SÃ£o 48hs com descontos imperdÃ­veis de telefonia! =) Vem trocar seu celular: http://extra.vc/28KTTJk;362752461813_10154837212656814
144;familiaextra;2017-07-25T13:00:00+0000;"Precisando de um sofÃ¡ novo para sua casa? ;) 
DÃ¡ uma olhada nessa super opÃ§Ã£o por apenas R$ 999,00! Somente hoje: http://extra.vc/2gXGDcF";362752461813_10154832903941814
145;familiaextra;2017-07-24T19:03:12+0000;"O Extra busca jovens de 18 a 24 anos, estudantes ou que jÃ¡ tenham completado o ensino mÃ©dio, para trabalhar nas lojas. ConheÃ§a a histÃ³ria completa da colaboradora Jaslane, efetivada do Programa de Aprendiz: http://www.gpabr.com/pt/noticias/jaslane-nadja-silva-extra-aprendiz-efetivada/ 

E participe vocÃª tambÃ©m! Acesse http://www.gpabr.com/vagas/, clique em â€œveja nossas vagasâ€, escreva em palavra-chave â€œaprendiz operadorâ€ e cadastre seu currÃ­culo. Boa sorte! ;)";362752461813_10154832937071814
146;familiaextra;2017-07-23T00:00:00+0000;Dia dos Pais Ã© no Extra! \o/ NÃ£o deixe para Ãºltima hora, garanta jÃ¡ o presente:  http://extra.vc/1HCkX6C;362752461813_10154822348911814
147;familiaextra;2017-07-21T15:00:00+0000;Tem cama box com um precinho especial! \o/ Clique e aproveite: http://extra.vc/2uBpkEb;362752461813_10154809654021814
148;familiaextra;2017-07-20T19:23:47+0000;Precisando de um sofÃ¡ que tambÃ©m sirva como cama? ğŸ’• Olha essa super oferta: http://extra.vc/2vo0h4E;362752461813_10154819312321814
149;familiaextra;2017-07-18T00:30:01+0000;O Extra esclarece que nenhum dos seus sistemas sofreu invasÃ£o ou alteraÃ§Ãµes e reforÃ§a que segue as melhores prÃ¡ticas de seguranÃ§a da informaÃ§Ã£o adotadas no paÃ­s.;362752461813_10154810646706814
150;submarino;2017-10-13T17:00:07+0000;Esse produto e muitos outros estÃ£o na seleÃ§Ã£o do Affonso Solano e #MergulheNoMundoGeek >>> https://goo.gl/qF9zDw;133481940001233_1934890549860354
151;submarino;2017-10-13T16:00:02+0000;TÃ¡ rolando o AniversÃ¡rio Submarino! O melhor do Mundo Geek tÃ¡ aqui. >>> https://goo.gl/PCJ7QN;133481940001233_1934837753198967
152;submarino;2017-10-13T15:00:03+0000;Esse produto e muitos outros estÃ£o na seleÃ§Ã£o da Mikannn e #MergulheEmCult&Pop >>> https://goo.gl/7WfPrJ;133481940001233_1934788466537229
153;submarino;2017-10-11T01:00:07+0000;TÃ¡ rolando o AniversÃ¡rio Submarino! Amantes de livros, sÃ©ries, mÃºsica se encontram aqui. >>> https://goo.gl/ULQeiw;133481940001233_1931596690189740
154;submarino;2017-10-11T00:00:02+0000;Esse produto e muitos outros estÃ£o na seleÃ§Ã£o do Minotouro e #MergulheNoEsporte >>> https://goo.gl/BWejnE;133481940001233_1931554960193913
155;submarino;2017-10-10T23:00:02+0000;Esse produto e muitos outros estÃ£o na seleÃ§Ã£o da Chata de Galocha e #MergulheNoEstilo >>> https://goo.gl/qFErJd;133481940001233_1931512360198173
156;submarino;2017-10-10T22:30:05+0000;TÃ¡ rolando o AniversÃ¡rio Submarino! Os melhores Games e AcessÃ³rios estÃ£o aqui. >>> https://goo.gl/qgnyfS;133481940001233_1931493553533387
157;submarino;2017-10-10T22:00:05+0000;Esse produto e muitos outros estÃ£o na seleÃ§Ã£o do Beto Estrada e #MergulheEmCult&Pop >>> https://goo.gl/V9XXEx;133481940001233_1931473806868695
158;submarino;2017-10-10T21:00:14+0000;Esse produto e muitos outros estÃ£o na seleÃ§Ã£o do Gaveta! #MergulheNoMundoGeek >>> https://goo.gl/Jf2ZcS;133481940001233_1931438093538933
159;submarino;2017-10-10T20:00:06+0000;Esse produto e muitos outros estÃ£o na seleÃ§Ã£o do Carlos Burle e #MergulheNoEsporte >>> https://goo.gl/vzBASy;133481940001233_1931383560211053
160;submarino;2017-10-10T19:30:03+0000;TÃ¡ rolando o AniversÃ¡rio Submarino! Encontre o melhor de Tecnologia aqui. >>> https://goo.gl/wLhdqP;133481940001233_1931362060213203
161;submarino;2017-10-10T19:00:06+0000;Esse produto e muitos outros estÃ£o na seleÃ§Ã£o do AndrÃ© Carvalhal e #MergulheNoEstilo >>> https://goo.gl/7tXiMy;133481940001233_1931337543548988
162;submarino;2017-10-10T18:00:10+0000;Esse produto e muitos outros estÃ£o na seleÃ§Ã£o do FeijÃ£o e #MergulheEmTech >>> https://goo.gl/VmWHhV;133481940001233_1931298716886204
163;submarino;2017-10-10T17:00:10+0000;Esse produto e muitos outros estÃ£o na seleÃ§Ã£o do Affonso Solano e #MergulheNoMundoGeek >>> https://goo.gl/qF9zDw;133481940001233_1931254410223968
164;submarino;2017-10-10T15:40:59+0000;O clima esquentou! E os bons ventos da riviera chegaram para refrescar. Saia da rotina e convide a galera para curtir essa temporada. #hellosummer >>> https://goo.gl/F8bFNo;133481940001233_1931188080230601
165;submarino;2017-10-10T15:00:50+0000;Esse produto e muitos outros estÃ£o na seleÃ§Ã£o da Mikannn e #MergulheEmCult&Pop >>> https://goo.gl/7WfPrJ;133481940001233_1931130886902987
166;submarino;2017-10-10T14:00:06+0000;Esse produto e muitos outros estÃ£o na seleÃ§Ã£o do Rato Borrachudo e #MergulheEmTech >>> https://goo.gl/Pf7GRP;133481940001233_1931074950241914
167;submarino;2017-10-10T13:00:12+0000;Esse produto e muitos outros estÃ£o na seleÃ§Ã£o do Gordox e #MergulheEmGames >>> https://goo.gl/GxsNph;133481940001233_1930933046922771
168;submarino;2017-10-10T12:00:07+0000;Esse produto e muitos outros estÃ£o na seleÃ§Ã£o do LÃ©o Lins e #MergulheNoMundoGeek >>> https://goo.gl/2X5uPY;133481940001233_1930880303594712
169;submarino;2017-10-10T00:00:06+0000;Esse produto e muitos outros estÃ£o na seleÃ§Ã£o do AndrÃ© Carvalhal e #MergulheNoEstilo >>> https://goo.gl/7tXiMy;133481940001233_1930415250307884
170;submarino;2017-10-09T23:00:03+0000;Esse produto e muitos outros estÃ£o na seleÃ§Ã£o da Mikannn e #MergulheEmCult&Pop >>> https://goo.gl/7WfPrJ;133481940001233_1930380380311371
171;submarino;2017-10-09T22:30:06+0000;"""Life is what happens to you while you're busy making other plans.""

Compositor, mÃºsico e ativista, John Lennon faria hoje 77 anos. Quer conhecer mais sobre ele? Vem ver! >>> https://goo.gl/3kavxR";133481940001233_1930360280313381
172;submarino;2017-10-09T22:00:04+0000;Esse produto e muitos outros estÃ£o na seleÃ§Ã£o do Rato Borrachudo e #MergulheEmTech >>> https://goo.gl/Pf7GRP;133481940001233_1930342660315143
173;submarino;2017-10-09T21:00:07+0000;Esse produto e muitos outros estÃ£o na seleÃ§Ã£o do Affonso Solano e #MergulheNoMundoGeek >>> https://goo.gl/qF9zDw;133481940001233_1930304450318964
174;submarino;2017-10-09T20:00:09+0000;Esse produto e muitos outros estÃ£o na seleÃ§Ã£o do Minotouro e #MergulheNoEsporte >>> https://goo.gl/BWejnE;133481940001233_1930264166989659
175;submarino;2017-10-09T19:00:06+0000;Esse produto e muitos outros estÃ£o na seleÃ§Ã£o do Beto Estrada e #MergulheEmCult&Pop >>> https://goo.gl/V9XXEx;133481940001233_1930224483660294
176;submarino;2017-10-09T18:00:11+0000;Esse produto e muitos outros estÃ£o na seleÃ§Ã£o do Gordox e #MergulheEmGames >>> https://goo.gl/GxsNph;133481940001233_1930178233664919
177;submarino;2017-10-09T17:00:05+0000;Esse produto e muitos outros estÃ£o na seleÃ§Ã£o do LÃ©o Lins e #MergulheNoMundoGeek >>> https://goo.gl/2X5uPY;133481940001233_1930126757003400
178;submarino;2017-10-09T15:00:05+0000;Esse produto e muitos outros estÃ£o na seleÃ§Ã£o do Carlos Burle e #MergulheNoEsporte >>> https://goo.gl/vzBASy;133481940001233_1930030217013054
179;submarino;2017-10-09T14:00:05+0000;Esse produto e muitos outros estÃ£o na seleÃ§Ã£o da Chata de Galocha e #MergulheNoEstilo >>> https://goo.gl/qFErJd;133481940001233_1929965660352843
180;submarino;2017-10-09T13:00:08+0000;Esse produto e muitos outros estÃ£o na seleÃ§Ã£o do FeijÃ£o e #MergulheEmTech >>> https://goo.gl/VmWHhV;133481940001233_1929907400358669
181;submarino;2017-10-09T12:00:06+0000;Esse produto e muitos outros estÃ£o na seleÃ§Ã£o do Gaveta! #MergulheNoMundoGeek >>> https://goo.gl/Jf2ZcS;133481940001233_1929859353696807
182;submarino;2017-10-09T00:00:06+0000;Esse produto e muitos outros estÃ£o na seleÃ§Ã£o do Carlos Burle e #MergulheNoEsporte >>> https://goo.gl/vzBASy;133481940001233_1929403033742439
183;submarino;2017-10-08T23:00:07+0000;Esse produto e muitos outros estÃ£o na seleÃ§Ã£o do FeijÃ£o e #MergulheEmTech >>> https://goo.gl/VmWHhV;133481940001233_1929366927079383
184;submarino;2017-10-08T22:00:05+0000;Esse produto e muitos outros estÃ£o na seleÃ§Ã£o do Gordox e #MergulheEmGames >>> https://goo.gl/GxsNph;133481940001233_1929333937082682
185;submarino;2017-10-08T21:00:07+0000;Esse produto e muitos outros estÃ£o na seleÃ§Ã£o do LÃ©o Lins e #MergulheNoMundoGeek >>> https://goo.gl/2X5uPY;133481940001233_1929296073753135
186;submarino;2017-10-08T20:00:05+0000;Esse produto e muitos outros estÃ£o na seleÃ§Ã£o da Chata de Galocha e #MergulheNoEstilo >>> https://goo.gl/qFErJd;133481940001233_1929255313757211
187;submarino;2017-10-08T19:00:10+0000;Esse produto e muitos outros estÃ£o na seleÃ§Ã£o da Mikannn e #MergulheEmCult&Pop >>> https://goo.gl/7WfPrJ;133481940001233_1929209067095169
188;submarino;2017-10-08T18:00:04+0000;Esse produto e muitos outros estÃ£o na seleÃ§Ã£o do Rato Borrachudo e #MergulheEmTech >>> https://goo.gl/Pf7GRP;133481940001233_1929165337099542
189;submarino;2017-10-08T17:00:04+0000;Esse produto e muitos outros estÃ£o na seleÃ§Ã£o do Gaveta! #MergulheNoMundoGeek >>> https://goo.gl/Jf2ZcS;133481940001233_1929121020437307
190;submarino;2017-10-08T15:00:06+0000;Esse produto e muitos outros estÃ£o na seleÃ§Ã£o do Minotouro e #MergulheNoEsporte >>> https://goo.gl/BWejnE;133481940001233_1929007493781993
191;submarino;2017-10-08T14:00:02+0000;Esse produto e muitos outros estÃ£o na seleÃ§Ã£o do AndrÃ© Carvalhal e #MergulheNoEstilo >>> https://goo.gl/7tXiMy;133481940001233_1928958083786934
192;submarino;2017-10-08T13:00:11+0000;Esse produto e muitos outros estÃ£o na seleÃ§Ã£o do Beto Estrada e #MergulheEmCult&Pop >>> https://goo.gl/V9XXEx;133481940001233_1928906543792088
193;submarino;2017-10-08T12:00:08+0000;Esse produto e muitos outros estÃ£o na seleÃ§Ã£o do Affonso Solano e #MergulheNoMundoGeek >>> https://goo.gl/qF9zDw;133481940001233_1928859730463436
194;submarino;2017-10-08T12:00:05+0000;Esse produto e muitos outros estÃ£o na seleÃ§Ã£o do LÃ©o Lins e #MergulheNoMundoGeek >>> https://goo.gl/2X5uPY;133481940001233_1928859690463440
195;submarino;2017-10-08T00:00:06+0000;Esse produto e muitos outros estÃ£o na seleÃ§Ã£o do Minotouro e #MergulheNoEsporte >>> https://goo.gl/BWejnE;133481940001233_1928384033844339
196;submarino;2017-10-07T23:00:03+0000;Esse produto e muitos outros estÃ£o na seleÃ§Ã£o da Chata de Galocha e #MergulheNoEstilo >>> https://goo.gl/qFErJd;133481940001233_1928329987183077
197;submarino;2017-10-07T22:00:04+0000;Esse produto e muitos outros estÃ£o na seleÃ§Ã£o do Beto Estrada e #MergulheEmCult&Pop >>> https://goo.gl/V9XXEx;133481940001233_1928286590520750
198;submarino;2017-10-07T21:00:08+0000;Esse produto e muitos outros estÃ£o na seleÃ§Ã£o do Gaveta! #MergulheNoMundoGeek >>> https://goo.gl/Jf2ZcS;133481940001233_1928241900525219
199;submarino;2017-10-07T20:00:04+0000;Esse produto e muitos outros estÃ£o na seleÃ§Ã£o do Carlos Burle e #MergulheNoEsporte >>> https://goo.gl/vzBASy;133481940001233_1928198013862941
200;lojasamericanas;2017-10-13T17:11:00+0000;Protetor Solar FPS 30 120ml L'Ã³real por R$ 34,99 cada! â˜€ğŸ˜‰ Confira na loja mais prÃ³xima!;697437437044147_1494483257339557
201;lojasamericanas;2017-10-13T16:39:00+0000;SÃ“ COM O APP ğŸ˜ğŸ¤‘ğŸ˜ Baixe o app e aproveite na loja fÃ­sica mais prÃ³xima: m.onelink.me/5739247f;697437437044147_1494481130673103
202;lojasamericanas;2017-10-13T16:23:00+0000;"Venha conhecer nosso stand na Brasil Game Show e conferir as novidades e promoÃ§Ãµes exclusivas! ğŸ˜„ğŸ®ğŸ‘ğŸ‘¾
Muitos games, DVDs, livros, snacks, camisas e diversos itens temÃ¡ticos.
AtÃ© 15 de outubro no Expo Center Norte, SP. #BGS10";697437437044147_1492559170865299
203;lojasamericanas;2017-10-13T16:08:00+0000;Faqueiro Inox BÃºzios Tramontina por R$ 29,99 cada! ğŸ˜ƒğŸ´ Encontre na loja mais prÃ³xima!;697437437044147_1494479234006626
204;lojasamericanas;2017-10-13T15:37:00+0000;Meia Jogging Basic+ Unissex com 3 pares por R$ 9,99! Aproveite na loja mais prÃ³xima!;697437437044147_1494477964006753
205;lojasamericanas;2017-10-13T15:20:22+0000;"Esta Ã© a Ãºltima semana para participar do vigÃ©simo terceiro sorteio da promoÃ§Ã£o! 
NÃ£o esqueÃ§a de informar o seu CPF em todas as compras que fizer na Lojas Americanas para concorrer ao sorteio de R$ 5.000 todo mÃªs! 
Complete o seu cadastro e obtenha mais informaÃ§Ãµes em todomundovai.com.br/sorteio.";697437437044147_1494531164001433
206;lojasamericanas;2017-10-13T15:06:01+0000;Box CDs de MÃºsica por R$ 39,99 cada! ğŸ˜ğŸ§ğŸ¼ Garanta o seu na loja mais prÃ³xima!;697437437044147_1494490810672135
207;lojasamericanas;2017-10-13T14:08:00+0000;Fralda Huggies Tripla ProteÃ§Ã£o Jumbo por R$ 20,99 cada! ğŸ‘¶â¤ Confira na loja mais prÃ³xima!;697437437044147_1494458464008703
208;lojasamericanas;2017-10-13T13:48:32+0000;Protetor Solar FPS 30 200ml Sundown por R$ 34,99 cada! â˜€ğŸ˜‰ Confira na loja mais prÃ³xima!;697437437044147_1494450977342785
209;lojasamericanas;2017-10-13T13:18:20+0000;ComeÃ§ou o Festival da Mulher na Lojas Americanas! ğŸ˜‰ğŸ‘©ğŸŒ¹ Confira as ofertas exclusivas na loja mais prÃ³xima!;697437437044147_1494422720678944
210;lojasamericanas;2017-10-13T12:00:00+0000;"Receita!!! ğŸ´ğŸ˜ƒğŸ°ğŸ˜œ ğŸ¿
Pipoca de Nutella! 
Encontre os principais ingredientes na loja mais prÃ³xima!
Confira a receita completa no canal do Youtube Cook Top Brasil: youtu.be/dshSN7foi34";697437437044147_1493627414091808
211;lojasamericanas;2017-10-13T10:58:01+0000;Body OperaÃ§Ã£o Soneca por R$ 19,99 cada! ğŸŒğŸ‘¶ğŸ˜ Aproveite na loja mais prÃ³xima! Verifique a disponibilidade nas lojas do link: todomundovai.com.br/Body-Operacao-Soneca;697437437044147_1491797280941488
212;lojasamericanas;2017-10-13T10:27:00+0000;Quer ter acesso a mais conteÃºdo e diversÃ£o? ğŸ˜ƒğŸ® Garanta o seu cartÃ£o na loja mais prÃ³xima!;697437437044147_1493597367428146
213;lojasamericanas;2017-10-13T01:57:00+0000;JÃ¡ conhece a linha de Notebooks Samsung Essentials? Aproveite na loja mais prÃ³xima! ğŸ’»ğŸ˜ğŸ˜‰;697437437044147_1493613150759901
214;lojasamericanas;2017-10-13T00:39:00+0000;Com o cartÃ£o prÃ©-pago Minecraft vocÃª pode comprar o jogo de forma prÃ¡tica e segura! ğŸ˜ƒğŸ® Garanta o seu cartÃ£o na loja mais prÃ³xima!;697437437044147_1492896064164943
215;lojasamericanas;2017-10-12T23:53:00+0000;"Festival da Mulher Lojas Americanas! ğŸ˜‰ğŸ‘©ğŸŒ¹ Confira essas e outras ofertas na loja mais prÃ³xima! 
*Ofertas vÃ¡lidas no dia 13/10/2017 somente nas lojas do estado de SP.";697437437044147_1493465217441361
216;lojasamericanas;2017-10-12T23:06:00+0000;O que vocÃª faria com R$ 5 mil na Lojas Americanas? ğŸ¤”ğŸ˜ğŸ˜„ Informe o CPF nas suas compras, cadastre-se no site e participe! todomundovai.com.br/sorteio;697437437044147_1493571217430761
217;lojasamericanas;2017-10-12T22:20:00+0000;Agora vocÃª jÃ¡ pode curtir na Ã­ntegra a experiÃªncia do EA SPORTS FIFA 18! ğŸ˜€ğŸ®âš½ğŸ†ğŸ‘ Corra atÃ© a loja mais prÃ³xima e garanta jÃ¡ o seu!;697437437044147_1492867534167796
218;lojasamericanas;2017-10-12T22:04:00+0000;"ALERTA BRASIL GAME SHOW ğŸ“¢â—ğŸ“¢â—ğŸ“¢â—
Fique por dentro de quem vai estar autografando no nosso stand na #BGS10! VocÃª nÃ£o pode perder! 
A Brasil Game Show acontece atÃ© o dia 15 de outubro no Expo Center Norte, SP.";697437437044147_1492846127503270
219;lojasamericanas;2017-10-12T21:18:00+0000;LANÃ‡AMENTO! Meu Malvado Favorito 3 em DVD e Blu-Ray! ğŸ˜ğŸ¬ğŸ¿ğŸ’ªğŸ‘¦ğŸ‘§ Garanta o seu na loja mais prÃ³xima!;697437437044147_1491759764278573
220;lojasamericanas;2017-10-12T20:47:01+0000;SÃ“ COM O APP ğŸ˜ğŸ¤‘ğŸ˜ Baixe o app e aproveite na loja fÃ­sica mais prÃ³xima: m.onelink.me/5739247f;697437437044147_1491784597609423
221;lojasamericanas;2017-10-12T20:31:00+0000;"Receita!!! ğŸ´ğŸ˜ƒğŸ°ğŸ˜œ
Pastel de Leite Ninho com Nutella! 
Confira a receita completa no canal do Youtube Receitas TÃ¡ na Hora: youtu.be/hCxBohrBP-c";697437437044147_1493605184094031
222;lojasamericanas;2017-10-12T20:16:00+0000;"Pessoal, atenÃ§Ã£o! 
Estamos recebendo muitos avisos de sites e perfis falsos. Vamos esclarecer algumas dÃºvidas: Esta Ã© a pÃ¡gina oficial das lojas fÃ­sicas. A pÃ¡gina oficial da americanas.com Ã© americanas.com.
Confie apenas em publicaÃ§Ãµes feitas apenas por essas duas pÃ¡ginas, ok?  ğŸ˜‰ Para mais informaÃ§Ãµes, acesse http://scup.it/d7dv";697437437044147_1492835664170983
223;lojasamericanas;2017-10-12T19:46:00+0000;LANÃ‡AMENTO! 'Piratas do Caribe - A VinganÃ§a de Salazar' em DVD ou Blu-Ray! ğŸ˜ğŸ¬ğŸ¿ğŸ’ªğŸ‘¦ğŸ‘§ Garanta o seu na loja mais prÃ³xima!;697437437044147_1491749317612951
224;lojasamericanas;2017-10-12T19:14:01+0000;SÃ“ COM O APP ğŸ˜ğŸ¤‘ğŸ˜ Baixe o app e aproveite na loja fÃ­sica mais prÃ³xima: m.onelink.me/5739247f;697437437044147_1491783810942835
225;lojasamericanas;2017-10-12T18:58:01+0000;Preparados para o sinal digital? ğŸ“ºğŸ“¡ğŸ‘ NÃ£o fique sem sinal! Garanta TVs e Conversores na loja mais prÃ³xima!;697437437044147_1493613750759841
226;lojasamericanas;2017-10-12T18:43:00+0000;Casa na Ãrvore 3901 por R$ 149,99 cada!  ğŸ˜ğŸŒğŸ‘¦ğŸ‘§ Aproveite na loja mais prÃ³xima!;697437437044147_1491780850943131
227;lojasamericanas;2017-10-12T18:12:00+0000;Boneca Mimi Baby por R$ 19,99 cada! ğŸ˜ ğŸ‘§ğŸ‘¦Encontre na loja mais prÃ³xima!;697437437044147_1491778474276702
228;lojasamericanas;2017-10-12T17:41:00+0000;NÃ£o deixe faltar pilha para a crianÃ§ada brincar Ã  vontade! ğŸ˜‰ğŸ˜„ğŸ‘¦ğŸ‘§ Encontre Pilhas Alcalinas Duracell na loja mais prÃ³xima!;697437437044147_1493623657425517
229;lojasamericanas;2017-10-12T17:11:02+0000;Tablet 'Escola de Princesinhas' ou 'Os Carrinhos' por R$ 219 cada! ğŸŒğŸ‘¦ğŸ‘§ğŸConfira na loja mais prÃ³xima!;697437437044147_1491776744276875
230;lojasamericanas;2017-10-12T16:39:00+0000;Boneca Baby Alive Lindo Penteado B0018 por R$ 129,99 cada!  ğŸ˜ğŸŒğŸ‘¦ğŸ‘§Aproveite na loja mais prÃ³xima!;697437437044147_1491769080944308
231;lojasamericanas;2017-10-12T16:23:01+0000;"O Resident Evil 7 Ã© ainda mais aterrorizante em sua versÃ£o VR. ğŸ˜ƒğŸ®ğŸ‘“ VocÃª poderÃ¡ jogar na cabine de Realidade Virtual no nosso stand na Brasil Game Show! Vai ficar de fora? 
AtÃ© 15 de outubro no Expo Center Norte, em SÃ£o Paulo. #BGS10";697437437044147_1492549074199642
232;lojasamericanas;2017-10-12T16:22:00+0000;SÃ³ aqui tem um mundo Barbie esperando por vocÃª! ğŸ˜ğŸâ¤ğŸ˜„ Venha pro Planeta CrianÃ§a e aproveite!;697437437044147_1493578184096731
233;lojasamericanas;2017-10-12T16:01:25+0000;O Max Steel que os meninos adoram vocÃª encontra aqui! ğŸ‘¦ğŸ‘¶ğŸâ¤ğŸ˜„ Venha pro Planeta CrianÃ§a e aproveite!;697437437044147_1493576757430207
234;lojasamericanas;2017-10-12T15:37:00+0000;Carrinho Hot Wheels BÃ¡sico por R$ 6,99 cada! ğŸ˜ğŸ‘§ğŸ‘¦ğŸ Encontre na loja mais prÃ³xima!;697437437044147_1491792000942016
235;lojasamericanas;2017-10-12T15:29:01+0000;"SOMENTE HOJE! ğŸ“¢ğŸ“¢ğŸ“¢
GRÃTIS qualquer jogo na compra de um Playstation 4 500GB Slim! ğŸ˜œğŸğŸ‘§ğŸ‘¦ğŸ® Garanta o seu na loja mais prÃ³xima!";697437437044147_1493551034099446
236;lojasamericanas;2017-10-12T15:21:00+0000;"CartÃ£o Bradescard Lojas Americanas! Mais crÃ©dito para compras parceladas, descontos exclusivos nas lojas fÃ­sicas e muitas outras vantagens!

Ainda nÃ£o tem o CartÃ£o Lojas Americanas? ğŸ˜€ğŸ’³ Acesse www.cartaolojasamericanas.com.br ou entre em contato pelo telefone 0800 730 5030 e saiba como solicitar o seu!";697437437044147_1492895397498343
237;lojasamericanas;2017-10-12T15:06:01+0000;SÃ“ COM O APP ğŸ˜ğŸ¤‘ğŸ˜ Baixe o app e aproveite na loja fÃ­sica mais prÃ³xima: m.onelink.me/5739247f;697437437044147_1491757390945477
238;lojasamericanas;2017-10-12T14:04:00+0000;FESTIVAL DE TABLETS!!! ğŸ˜ğŸ Faz e recebe chamadas! Encontre o seu na loja mais prÃ³xima!;697437437044147_1491756820945534
239;lojasamericanas;2017-10-12T13:33:01+0000;Barbie Fashion T7439 por R$ 19,99 cada! ğŸ˜ğŸ‘§ğŸ‘¨ğŸ Encontre na loja mais prÃ³xima!;697437437044147_1491756230945593
240;lojasamericanas;2017-10-12T13:17:00+0000;SÃ³ aqui tem um mundo de brinquedos Homem-Aranha esperando por vocÃª! ğŸğŸ•·ğŸ•¸ğŸ˜„ Venha pro Planeta CrianÃ§a e aproveite!;697437437044147_1492896954164854
241;lojasamericanas;2017-10-12T13:02:00+0000;Regatas Diversas (4 a 12 anos) por R$ 19,99 cada! ğŸ˜ğŸŒğŸ‘¦ğŸ‘§ Aproveite na loja mais prÃ³xima! Confira a disponibilidade nas lojas do link: todomundovai.com.br/Regatas-Infantis;697437437044147_1491754217612461
242;lojasamericanas;2017-10-12T12:31:00+0000;Planeta CrianÃ§a Lojas Americanas!!! ğŸ˜ğŸŒğŸ‘¦ğŸ‘§ Ofertas com preÃ§os inacreditÃ¡veis! Aproveite na loja mais prÃ³xima! *Ofertas vÃ¡lidas atÃ© 12/10/2017.;697437437044147_1491790950942121
243;lojasamericanas;2017-10-12T12:00:00+0000;"Que tal fazer esse bolo de Kit Kat e M&Mâ€™s para a sobremesa do Dia das CrianÃ§as? â¤ Encontre os principais ingredientes na loja mais prÃ³xima!

Confira a receita completa no canal do Youtube da MatÃ©ria Feminina: https://goo.gl/hzmK8I";697437437044147_1492897820831434
244;lojasamericanas;2017-10-12T10:27:00+0000;Comprou um brinquedo Marvel a partir de R$ 59,90, ganhou uma maleta! ğŸ˜ƒğŸ‘¶ğŸ‘¦ğŸ‘§ğŸ Para mais informaÃ§Ãµes, acesse o regulamento da promoÃ§Ã£o em www.todomundovai.com.br. PromoÃ§Ã£o vÃ¡lida atÃ© 12 de outubro de 2017, mediante disponibilidade de estoque.;697437437044147_1492894050831811
245;lojasamericanas;2017-10-12T01:26:00+0000;SÃ“ COM O APP ğŸ˜ğŸ¤‘ğŸ˜ Baixe o app e aproveite na loja fÃ­sica mais prÃ³xima: m.onelink.me/5739247f;697437437044147_1491743984280151
246;lojasamericanas;2017-10-12T00:56:00+0000;Esmaltes RisquÃ© 'Leve 4 por R$ 10,00'! ğŸ˜ğŸ’…ğŸ’…ğŸ’ Aproveite na loja mais prÃ³xima!;697437437044147_1491738824280667
247;lojasamericanas;2017-10-12T00:39:01+0000;"ComeÃ§ou a Brasil Game Show 2017 e vocÃª nÃ£o pode ficar de fora!!! ğŸ˜„ğŸ®ğŸ‘ğŸ‘¾
Games, DVDs, livros, snacks, guloseimas, camisas e muito mais! Venha conhecer nosso stand e conferir as novidades e promoÃ§Ãµes.
AtÃ© de 15 de outubro no Expo Center Norte, em SÃ£o Paulo. #BGS10";697437437044147_1490693291051887
248;lojasamericanas;2017-10-12T00:24:00+0000;SÃ“ COM O APP ğŸ˜ğŸ¤‘ğŸ˜ Baixe o app e aproveite na loja fÃ­sica mais prÃ³xima: m.onelink.me/5739247f;697437437044147_1491738197614063
249;lojasamericanas;2017-10-11T23:53:00+0000;Quer ter acesso a mais conteÃºdo e diversÃ£o? ğŸ˜ƒğŸ® Garanta o seu cartÃ£o na loja mais prÃ³xima!;697437437044147_1492893254165224
